<?xml version="1.0" encoding="UTF-8"?>
<!DOCTYPE mapper  
   PUBLIC "-//mybatis.org//DTD Mapper 3.0//EN"  
   "http://mybatis.org/dtd/mybatis-3-mapper.dtd">
<mapper namespace="MwebGroupTeamHeadFreeOrderMapper">

	<select id="findTeamHeadFreeOrder" parameterType="map"
		resultType="com.alibaba.fastjson.JSONObject">
		SELECT
		t.id,
		t.mweb_group_product_id as mwebGroupProductId,
		t.coupon_id AS couponId,
		t.is_open_give as isOpenGive,
		t.give_chance as giveChance,
		t.give_number as giveNumber,
		t.validity_date_type as validityDateType,
		t.days,
		t.create_time as createTime,
		p.short_name as shortName,
		p.is_off_shelves as isOffShelves,
		p.is_available as isAvailable,
		d.team_type as teamType,
		d.`desc` as `desc`,
		d.type
		FROM
		mweb_group_team_head_free_order t,mweb_group_product p,mweb_group_coupon_detail d,mweb_group_coupon c
		where t.mweb_group_product_id=p.id
		and t.coupon_id=c.id
		and c.coupon_detail_id=d.id
		ORDER BY t.id DESC
		<if test="start != null">LIMIT #{start},#{max}</if>
	</select>

	<select id="countTeamHeadFreeOrder" resultType="int">
		SELECT
		count(t.id)
		FROM
		mweb_group_team_head_free_order t
	</select>

	<insert id="addTeamHeadFreeOrder" parameterType="com.alibaba.fastjson.JSONObject"
		useGeneratedKeys="true" keyProperty="id">
		INSERT INTO
		mweb_group_team_head_free_order(coupon_id,
		mweb_group_product_id,give_chance,validity_date_type,days,create_time)VALUES(#{couponId},#{mwebGroupProductId},#{giveChance},#{dateType},#{days},now())
	</insert>

	<update id="updateTeamHeadFreeOrder" parameterType="com.alibaba.fastjson.JSONObject">
		UPDATE mweb_group_team_head_free_order
		<set>
			<if test="mwebGroupProductId != null">mweb_group_product_id=#{mwebGroupProductId},</if>
			<if test="couponId != null">coupon_id=#{couponId},</if>
			<if test="giveChance != null">give_chance=#{giveChance},</if>
			<if test="days != null">days=#{days},</if>
			<if test="dateType != null">validity_date_type=#{dateType},</if>
		</set>
		where id=#{id}
	</update>

	
	<update id="updateIsOpenGive" parameterType="map">
		UPDATE mweb_group_team_head_free_order
		<set>
			<if test="isOpenGive != null">is_open_give=#{isOpenGive}</if>
		</set>
		WHERE id=#{id}
	</update>
	
</mapper>