<?xml version="1.0" encoding="UTF-8" ?>  
<!DOCTYPE mapper  
   PUBLIC "-//mybatis.org//DTD Mapper 3.0//EN"  
   "http://mybatis.org/dtd/mybatis-3-mapper.dtd">  
    <mapper namespace="QqbsOrderMapper">
    
    
    <select id="findOrderList" parameterType="map" resultType="map">
    	select a.create_time as createTime,a.pay_time as payTime,a.send_time as sendTime,a.number,
			a.status,a.total_price as totalPrice,a.real_price as realPrice,a.account_id as accountId,
			b.name,b.nickname,c.full_name as fullName,c.mobile_number as mobileNumber
		<include refid="findOrderListSql"></include>
		order by a.id desc
		<if test="start!=null">limit #{start},#{size}</if>
    </select>
    <sql id="findOrderListSql">
    	from `order` a, account b,order_receive_address c 
			where a.account_id = b.id and a.receive_address_id = c.id and a.type = 4
			<if test="orderNumber!=null"> and a.number = #{orderNumber}</if>
			<if test="orderStatus!=null"> and a.status = #{orderStatus}</if>
			<if test="accountId!=null"> and a.account_id = #{accountId}</if>
    </sql>
    <select id="countOrderList" parameterType="map" resultType="int">
    	select count(1) <include refid="findOrderListSql"></include>
    </select>
    
</mapper>  