<?xml version="1.0" encoding="UTF-8" ?>  
<!DOCTYPE mapper  
   PUBLIC "-//mybatis.org//DTD Mapper 3.0//EN"  
   "http://mybatis.org/dtd/mybatis-3-mapper.dtd">  
<mapper namespace="QqbsBrandCategoryMapper">  

	<!--新增品牌栏目-->
	<insert id="addBrandCategory" parameterType="QqbsBrandCategoryEntity">
		insert into qqbs_brand_category(`name`,`order`,is_display,create_time)
		values(#{name},#{order},#{isDisplay},now())
	</insert>
	
	<!-- 更新品牌栏目 -->
	<update id="updateBrandCategory" parameterType="QqbsBrandCategoryEntity">
		update qqbs_brand_category
		<set>
			<if test="name!=null"> `name`=#{name},</if>
			<if test="order!=null"> `order`=#{order},</if>
			<if test="isDisplay!=null"> is_display=#{isDisplay} </if>
		</set>
		where id=#{id}
	</update>
	
	<!-- 查询品牌栏目列表信息 -->
	<select id="findBrandCategoryInfo" parameterType="map" resultType="QqbsBrandCategoryEntity">
		SELECT
			qbc.id as id,  
			qbc.`name` as `name`,
			qbc.`order` as `order`,
			qbc.is_display as isDisplay  
			FROM    
			qqbs_brand_category qbc
		ORDER BY qbc.`order` DESC
		<if test="start != null">LIMIT #{start},#{max}</if>
	</select>
	
		<!-- 查询品牌栏目列表信息 -->
	<select id="countBrandCategoryInfo" resultType="int">
		SELECT
			count(qbc.id)
			from qqbs_brand_category qbc
	</select>
	
</mapper>  