<?xml version="1.0" encoding="UTF-8"?>
<!DOCTYPE mapper  
   PUBLIC "-//mybatis.org//DTD Mapper 3.0//EN"  
   "http://mybatis.org/dtd/mybatis-3-mapper.dtd">  
<mapper namespace="SystemLogMapper">

    <select id="findAllSystemLogList"  parameterType="map" resultType="map">
      SELECT 
      	id, 
      	username, 
      	business_type as businessType, 
      	operation_type as operationType, 
      	content, 
      	level,
      	create_time as createTime 
      FROM system_log
      WHERE 1=1
      <if test="username != null">AND username like #{username}</if>
      <if test="businessType != null">AND business_type=#{businessType}</if>
      <if test="operationType != null">AND operation_type=#{operationType}</if>
      <if test="content != null">AND content like #{content}</if>
      <if test="level != null">AND level=#{level}</if>
      <if test="createTimeBegin != null"><![CDATA[AND create_time>=#{createTimeBegin}]]></if>
      <if test="createTimeEnd != null"><![CDATA[AND create_time<=#{createTimeEnd}]]></if>
      ORDER BY create_time DESC
      <if test="start != null">
		LIMIT #{start,jdbcType=INTEGER},#{max,jdbcType=INTEGER}
      </if>
    </select>
    
    <select id="countSystemLog"  parameterType="map" resultType="int">
	  SELECT
	  	count(id)
      FROM system_log
      WHERE 1=1
      <if test="username != null">AND username like #{username}</if>
      <if test="businessType != null">AND business_type=#{businessType}</if>
      <if test="operationType != null">AND operation_type=#{operationType}</if>
      <if test="content != null">AND content like #{content}</if>
      <if test="level != null">AND level=#{level}</if>
      <if test="createTimeBegin != null"><![CDATA[AND create_time>=#{createTimeBegin}]]></if>
      <if test="createTimeEnd != null"><![CDATA[AND create_time<=#{createTimeEnd}]]></if>
    </select>
    
	<insert id="logger" parameterType="map">
		INSERT INTO 
		system_log(username, business_type, operation_type, `content`,`level`)
		values(#{username},#{businessType},#{operationType},#{content}, #{level})
	</insert>
    
    <insert id="log" parameterType="map">
    	INSERT INTO log(user_id,username,operation,content,method,params,ip,url)VALUES(#{userId},#{username},#{operation},#{content},#{method},#{params},#{ip},#{url})
    </insert>
    
    <select id="findAllLogList" parameterType="map" resultType="map">
		SELECT
			id,
			user_id AS userId,
			username,
			operation,
			content,
			method,
			params,
			ip,
			url,
			create_time AS createTime
		FROM
			log
		<trim prefix="WHERE" prefixOverrides="AND">
			<if test="username != null">AND username LIKE #{username}</if>
			<if test="operation != null">AND operation LIKE #{operation}</if>
			<if test="content != null">AND content LIKE #{content}</if>
			<if test="createTimeBegin != null"><![CDATA[AND create_time>=#{createTimeBegin}]]></if>
			<if test="createTimeEnd != null"><![CDATA[AND create_time<=#{createTimeEnd}]]></if>
		</trim>
		ORDER BY id DESC
		<if test="start != null">LIMIT #{start},#{max}</if>	    	
    </select>
    
    <select id="countLog" parameterType="map" resultType="int">
		SELECT
			COUNT(id)
		FROM
			log
		<trim prefix="WHERE" prefixOverrides="AND">
			<if test="username != null">AND username LIKE #{username}</if>
			<if test="operation != null">AND operation LIKE #{operation}</if>
			<if test="content != null">AND content LIKE #{content}</if>
			<if test="createTimeBegin != null"><![CDATA[AND create_time>=#{createTimeBegin}]]></if>
			<if test="createTimeEnd != null"><![CDATA[AND create_time<=#{createTimeEnd}]]></if>
		</trim>    	
    </select>
</mapper>